quantity,closure,value,pct_change_vs_primary
mu_thnf viscosity,Sahoo-Kumar 2020 (experimental),n/a,+1.5_max_deviation_reported
neg_phi_prime_0,sequential Brinkman (primary),443.933,0.0
neg_phi_prime_0,+1.5pct viscosity perturbation,450.557,1.49
neg_theta_prime_0,sequential Maxwell/Hamilton-Crosser (primary),3.631009,0.0
neg_theta_prime_0,one-step volume-weighted Maxwell,3.615328,-0.43
k_thnf,sequential Maxwell/Hamilton-Crosser (primary),0.665654,0.0
k_thnf,one-step volume-weighted Maxwell,0.669162,0.53
K_cross_viscosity,adopted closure (Eq. 6),0.30,0.0
K_cross_viscosity,alternative closure (Eq. 7) at phi=0.01,0.278,-7.3
